{
  "total_examples": 1051,
  "stanza_stats": {
    "count": 1051,
    "mean": {
      "UAS": 0.5427450093490086,
      "LAS": 0.29818949048392546,
      "ClauseSpanF1": 0.3985753245310837
    },
    "std": {
      "UAS": 0.2571712225615769,
      "LAS": 0.17944132650182046,
      "ClauseSpanF1": 0.3485795243846557
    }
  },
  "llm_dependency_stats": {
    "gpt-4o": {
      "count": 1051,
      "mean": {
        "UAS": 0.2283932056876,
        "LAS": 0.09792489235661034,
        "ClauseSpanF1": 0.388019549442324
      },
      "std": {
        "UAS": 0.18168826940335261,
        "LAS": 0.15359647541160645,
        "ClauseSpanF1": 0.3382156999741046
      }
    },
    "claude-3-haiku-20240307": {
      "count": 1051,
      "mean": {
        "UAS": 0.07022426843418236,
        "LAS": 0.023399093306947692,
        "ClauseSpanF1": 0.06899112496362228
      },
      "std": {
        "UAS": 0.16563261288829312,
        "LAS": 0.0869411016735098,
        "ClauseSpanF1": 0.2152204701263158
      }
    }
  },
  "llm_rewrite_stats": {
    "gpt-4o": {
      "count": 1046,
      "mean_f1_score": 0.670054619823127,
      "std_f1_score": 0.18625660506131292,
      "min_f1_score": 0.11764705882352941,
      "max_f1_score": 1.0
    },
    "claude-3-haiku-20240307": {
      "count": 1031,
      "mean_f1_score": 0.579384764486936,
      "std_f1_score": 0.19364137207080354,
      "min_f1_score": 0.047619047619047616,
      "max_f1_score": 1.0
    }
  }
}